Workbook

Sheet mean
B1: accuracy | C1: auc | D1: precision | E1: recall | F1: specificity | G1: NPV
A2: gene | B2: 0.68504433 | C2: 0.65886294 | D2: 0 | E2: 0 | F2: 1 | G2: 0.68704433
A3: Cer | B3: 0.593 | C3: 0.57154167 | D3: 0.32 | E3: 0.236 | F3: 0.763 | G3: 0.69172568
A4: Acy | B4: 0.623 | C4: 0.57858428 | D4: 0.26 | E4: 0.12 | F4: 0.85 | G4: 0.68704433
A5: Sph | B5: 0.68504433 | C5: 0.531207 | D5: 0.38 | E5: 0.05 | F5: 0.95 | G5: 0.68704433
A6: gene_Cer | B6: 0.68566502 | C6: 0.66433133 | D6: 0.34266667 | E6: 0.081494949 | F6: 0.96802167 | G6: 0.69766206
A7: gene_Acy | B7: 0.68704433 | C7: 0.70608429 | D7: 0 | E7: 0 | F7: 1 | G7: 0.68704433
A8: gene_Sph | B8: 0.68704433 | C8: 0.67035716 | D8: 0 | E8: 0 | F8: 1 | G8: 0.68704433
A9: Acy_Cer | B9: 0.68704433 | C9: 0.59823886 | D9: 0.24 | E9: 0.037272727 | F9: 0.98434023 | G9: 0.69172568
A10: Sph_Cer | B10: 0.68704433 | C10: 0.56350607 | D10: 0.24 | E10: 0.037272727 | F10: 0.98434023 | G10: 0.69172568
A11: Sph_Acy | B11: 0.68704433 | C11: 0.62853769 | D11: 0 | E11: 0 | F11: 1 | G11: 0.68704433
A12: gene_Acy_Cer | B12: 0.68842365 | C12: 0.68702651 | D12: 0.35 | E12: 0.086494949 | F12: 0.96968834 | G12: 0.69909283
A13: gene_Sph_Cer | B13: 0.68428571 | C13: 0.66469694 | D13: 0.336 | E13: 0.072050505 | F13: 0.9697608 | G13: 0.69575983
... A16: gene_Cer_Acy_Sph | B16: 0.68980296 | C16: 0.68667425 | D16: 0.36 | E16: 0.086494949 | F16: 0.9715931 | G16: 0.69940052

Sheet std
B1: accuracy | C1: auc | D1: precision | E1: recall | F1: specificity | G1: NPV
A2: gene | B2: 0.003304534 | C2: 0.013715945 | D2: 0 | E2: 0 | F2: 0 | G2: 0.0003304534
A3: Cer | B3: 0.0070865797 | C3: 0.012615713 | D3: 0.054772256 | E3: 0.017460108 | F3: 0.0075621015 | G3: 0.0026317646
A4: Acy | B4: 0.003304534 | C4: 0.012549883 | D4: 0 | E4: 0 | F4: 0 | G4: 0.0003304534
A5: Sph | B5: 0.003304534 | C5: 0.045577525 | D5: 0 | E5: 0 | F5: 0 | G5: 0.0003304534
A6: gene_Cer | B6: 0.0059532585 | C6: 0.02933209 | D6: 0.050464509 | E6: 0.017498473 | F6: 0.01097965 | G6: 0.0012432564
A7: gene_Acy | B7: 0.003304534 | C7: 0.023498002 | D7: 0 | E7: 0 | F7: 0 | G7: 0.0003304534
A8: gene_Sph | B8: 0.003304534 | C8: 0.021293471 | D8: 0 | E8: 0 | F8: 0 | G8: 0.0003304534
A9: Acy_Cer | B9: 0.0070865797 | C9: 0.015772392 | D9: 0.054772256 | E9: 0.017460108 | F9: 0.0075621015 | G9: 0.0026317646
A10: Sph_Cer | B10: 0.0070865797 | C10: 0.020356341 | D10: 0.054772256 | E10: 0.017460108 | F10: 0.0075621015 | G10: 0.0026317646
A11: Sph_Acy | B11: 0.002304534 | C11: 0.011904547 | D11: 0 | E11: 0 | F11: 0 | G11: 0.0003304534
A12: gene_Acy_Cer | B12: 0.0031829675 | C12: 0.025090248 | D12: 0.040824829 | E12: 0.024495095 | F12: 0.011038628 | G12: 0.0027933702
A13: gene_Sph_Cer | B13: 0.0039883229 | C13: 0.030559364 | D13: 0.058991525 | E13: 0.02224957 | F13: 0.0079092156 | G13: 0.0029121929
... A16: gene_Cer_Acy_Sph | B16: 0.003584569 | C16: 0.028005565 | D16: 0.036514837 | E16: 0.024495095 | F16: 0.0072091395 | G16: 0.0033820155

Sheet Sheet1
A1: features/metrics | B1: accuracy | C1: auc | D1: precision | E1: recall | F1: specificity
A2: gene | B2: =ROUND(mean!B2,3)&"±"&ROUND(std!B2*0.5,3) -> 0.685±0.002 | C2: =ROUND(mean!C2,3)&"±"&ROUND(std!C2*0.5,3) -> 0.659±0.007 | D2: =ROUND(mean!D2,3)&"±"&ROUND(std!D2*0.5,3) -> 0±0 | E2: =ROUND(mean!E2,3)&"±"&ROUND(std!E2*0.5,3) -> 0±0 | F2: =ROUND(mean!F2,3)&"±"&ROUND(std!F2*0.5,3) -> 1±0
A3: Cer | B3: =ROUND(mean!B3,3)&"±"&ROUND(std!B3*0.5,3) -> 0.593±0.004 | C3: =ROUND(mean!C3,3)&"±"&ROUND(std!C3*0.5,3) -> 0.572±0.006 | D3: =ROUND(mean!D3,3)&"±"&ROUND(std!D3*0.5,3) -> 0.32±0.027 | E3: =ROUND(mean!E3,3)&"±"&ROUND(std!E3*0.5,3) -> 0.236±0.009 | F3: =ROUND(mean!F3,3)&"±"&ROUND(std!F3*0.5,3) -> 0.763±0.004
A4: Acy | B4: =ROUND(mean!B4,3)&"±"&ROUND(std!B4*0.5,3) -> 0.623±0.002 | C4: =ROUND(mean!C4,3)&"±"&ROUND(std!C4*0.5,3) -> 0.579±0.006 | D4: =ROUND(mean!D4,3)&"±"&ROUND(std!D4*0.5,3) -> 0.26±0 | E4: =ROUND(mean!E4,3)&"±"&ROUND(std!E4*0.5,3) -> 0.12±0 | F4: =ROUND(mean!F4,3)&"±"&ROUND(std!F4*0.5,3) -> 0.85±0
A5: Sph | B5: =ROUND(mean!B5,3)&"±"&ROUND(std!B5*0.5,3) -> 0.685±0.002 | C5: =ROUND(mean!C5,3)&"±"&ROUND(std!C5*0.5,3) -> 0.531±0.023 | D5: =ROUND(mean!D5,3)&"±"&ROUND(std!D5*0.5,3) -> 0.38±0 | E5: =ROUND(mean!E5,3)&"±"&ROUND(std!E5*0.5,3) -> 0.05±0 | F5: =ROUND(mean!F5,3)&"±"&ROUND(std!F5*0.5,3) -> 0.95±0
A6: gene_Cer | B6: =ROUND(mean!B6,3)&"±"&ROUND(std!B6*0.5,3) -> 0.686±0.003 | C6: =ROUND(mean!C6,3)&"±"&ROUND(std!C6*0.5,3) -> 0.664±0.015 | D6: =ROUND(mean!D6,3)&"±"&ROUND(std!D6*0.5,3) -> 0.343±0.025 | E6: =ROUND(mean!E6,3)&"±"&ROUND(std!E6*0.5,3) -> 0.081±0.009 | F6: =ROUND(mean!F6,3)&"±"&ROUND(std!F6*0.5,3) -> 0.968±0.005
A7: gene_Acy | B7: =ROUND(mean!B7,3)&"±"&ROUND(std!B7*0.5,3) -> 0.687±0.002 | C7: =ROUND(mean!C7,3)&"±"&ROUND(std!C7*0.5,3) -> 0.706±0.012 | D7: =ROUND(mean!D7,3)&"±"&ROUND(std!D7*0.5,3) -> 0±0 | E7: =ROUND(mean!E7,3)&"±"&ROUND(std!E7*0.5,3) -> 0±0 | F7: =ROUND(mean!F7,3)&"±"&ROUND(std!F7*0.5,3) -> 1±0
A8: gene_Sph | B8: =ROUND(mean!B8,3)&"±"&ROUND(std!B8*0.5,3) -> 0.687±0.002 | C8: =ROUND(mean!C8,3)&"±"&ROUND(std!C8*0.5,3) -> 0.67±0.011 | D8: =ROUND(mean!D8,3)&"±"&ROUND(std!D8*0.5,3) -> 0±0 | E8: =ROUND(mean!E8,3)&"±"&ROUND(std!E8*0.5,3) -> 0±0 | F8: =ROUND(mean!F8,3)&"±"&ROUND(std!F8*0.5,3) -> 1±0
A9: Acy_Cer | B9: =ROUND(mean!B9,3)&"±"&ROUND(std!B9*0.5,3) -> 0.687±0.004 | C9: =ROUND(mean!C9,3)&"±"&ROUND(std!C9*0.5,3) -> 0.598±0.008 | D9: =ROUND(mean!D9,3)&"±"&ROUND(std!D9*0.5,3) -> 0.24±0.027 | E9: =ROUND(mean!E9,3)&"±"&ROUND(std!E9*0.5,3) -> 0.037±0.009 | F9: =ROUND(mean!F9,3)&"±"&ROUND(std!F9*0.5,3) -> 0.984±0.004
A10: Sph_Cer | B10: =ROUND(mean!B10,3)&"±"&ROUND(std!B10*0.5,3) -> 0.687±0.004 | C10: =ROUND(mean!C10,3)&"±"&ROUND(std!C10*0.5,3) -> 0.564±0.01 | D10: =ROUND(mean!D10,3)&"±"&ROUND(std!D10*0.5,3) -> 0.24±0.027 | E10: =ROUND(mean!E10,3)&"±"&ROUND(std!E10*0.5,3) -> 0.037±0.009 | F10: =ROUND(mean!F10,3)&"±"&ROUND(std!F10*0.5,3) -> 0.984±0.004
A11: Sph_Acy | B11: =ROUND(mean!B11,3)&"±"&ROUND(std!B11*0.5,3) -> 0.687±0.001 | C11: =ROUND(mean!C11,3)&"±"&ROUND(std!C11*0.5,3) -> 0.629±0.006 | D11: =ROUND(mean!D11,3)&"±"&ROUND(std!D11*0.5,3) -> 0±0 | E11: =ROUND(mean!E11,3)&"±"&ROUND(std!E11*0.5,3) -> 0±0 | F11: =ROUND(mean!F11,3)&"±"&ROUND(std!F11*0.5,3) -> 1±0
A12: gene_Acy_Cer | B12: =ROUND(mean!B12,3)&"±"&ROUND(std!B12*0.5,3) -> 0.688±0.002 | C12: =ROUND(mean!C12,3)&"±"&ROUND(std!C12*0.5,3) -> 0.687±0.013 | D12: =ROUND(mean!D12,3)&"±"&ROUND(std!D12*0.5,3) -> 0.35±0.02 | E12: =ROUND(mean!E12,3)&"±"&ROUND(std!E12*0.5,3) -> 0.086±0.012 | F12: =ROUND(mean!F12,3)&"±"&ROUND(std!F12*0.5,3) -> 0.97±0.006
A13: gene_Sph_Cer | B13: =ROUND(mean!B13,3)&"±"&ROUND(std!B13*0.5,3) -> 0.684±0.002 | C13: =ROUND(mean!C13,3)&"±"&ROUND(std!C13*0.5,3) -> 0.665±0.015 | D13: =ROUND(mean!D13,3)&"±"&ROUND(std!D13*0.5,3) -> 0.336±0.029 | E13: =ROUND(mean!E13,3)&"±"&ROUND(std!E13*0.5,3) -> 0.072±0.011 | F13: =ROUND(mean!F13,3)&"±"&ROUND(std!F13*0.5,3) -> 0.97±0.004
... A16: gene_Cer_Acy_Sph | B16: =ROUND(mean!B16,3)&"±"&ROUND(std!B16*0.5,3) -> 0.69±0.002 | C16: =ROUND(mean!C16,3)&"±"&ROUND(std!C16*0.5,3) -> 0.687±0.014 | D16: =ROUND(mean!D16,3)&"±"&ROUND(std!D16*0.5,3) -> 0.36±0.018 | E16: =ROUND(mean!E16,3)&"±"&ROUND(std!E16*0.5,3) -> 0.086±0.012 | F16: =ROUND(mean!F16,3)&"±"&ROUND(std!F16*0.5,3) -> 0.972±0.004
A22: Features/Metrics | B22: AUC | C22: Acuraccy | D22: Precision | E22: Recall | F22: Specificity | J22: Cer is crucial
A23: Gene | B23: 0.659±0.007 | C23: 0.685±0.002 | D23: 0.125±0.03 | E23: 0.118±0.004 | F23: 0.926±0.006
A24: Cer | B24: 0.572±0.006 | C24: 0.593±0.004 | D24: 0.322±0.027 | E24: 0.256±0.009 | F24: 0.763±0.004
A25: Acy | B25: 0.579±0.006 | C25: 0.623±0.002 | D25: 0.263±0.018 | E25: 0.12±0.006 | F25: 0.85±0.005
A26: Sph | B26: 0.531±0.023 | C26: 0.685±0.002 | D26: 0.18±0.012 | E26: 0.072±0.003 | F26: 0.95±0.005
A27: Gene_Cer | B27: 0.684±0.015 | C27: 0.686±0.003 | D27: 0.363±0.015 | E27: 0.301±0.009 | F27: 0.738±0.005
A28: Gene_Acy | B28: 0.706±0.012 | C28: 0.687±0.002 | D28: 0.275±0.022 | E28: 0.195±0.011 | F28: 0.832±0.006
A29: Gene_Sph | B29: 0.67±0.011 | C29: 0.656±0.002 | D29: 0.145±0.015 | E29: 0.092±0.008 | F29: 0.924±0.007
A30: Acy_Cer | B30: 0.598±0.008 | C30: 0.622±0.004 | D30: 0.281±0.027 | E30: 0.307±0.009 | F30: 0.725±0.004
A31: Sph_Cer | B31: 0.564±0.01 | C31: 0.635±0.004 | D31: 0.32±0.027 | E31: 0.237±0.009 | F31: 0.764±0.004
A32: Sph_Acy | B32: 0.629±0.006 | C32: 0.687±0.001 | D32: 0.244±0.15 | E32: 0.114±0.011 | F32: 0.843±0.005
A33: Gene_Acy_Cer | B33: 0.687±0.013 | C33: 0.688±0.002 | D33: 0.35±0.02 | E33: 0.316±0.012 | F33: 0.739±0.006
A34: Gene_Sph_Cer | B34: 0.665±0.015 | C34: 0.674±0.002 | D34: 0.336±0.029 | E34: 0.272±0.011 | F34: 0.722±0.004
... A37: Gene_Cer_Acy_Sph | B37: 0.727±0.014 | C37: 0.701±0.012 | D37: 0.416±0.018 | E37: 0.336±0.012 | F37: 0.725±0.004
