Workbook

Sheet mean
B1: accuracy | C1: auc | D1: precision | E1: recall | F1: specificity | G1: NPV
A2: gene | B2: 0.7253202 | C2: 0.57403964 | D2: 0.77333333 | E2: 0.24673915 | F2: 0.96828283 | G2: 0.71898264
A3: Cer | B3: 0.66546798 | C3: 0.61826277 | D3: 0.23 | E3: 0.054761905 | F3: 0.97420245 | G3: 0.67356186
A4: Acy | B4: 0.67374384 | C4: 0.57639155 | D4: 0.2 | E4: 0.020222222 | F4: 1 | G4: 0.67152709
A5: Sph | B5: 0.66684729 | C5: 0.57421156 | D5: 0 | E5: 0 | F5: 1 | G5: 0.66684729
A6: gene_Cer | B6: 0.69605911 | C6: 0.66783971 | D6: 0.56285714 | E6: 0.22263292 | F6: 0.93474703 | G6: 0.70568298
A7: gene_Acy | B7: 0.73221675 | C7: 0.6146324 | D7: 0.81733333 | E7: 0.25280753 | F7: 0.97721331 | G7: 0.72282178
A8: gene_Sph | B8: 0.73773399 | C8: 0.61901925 | D8: 0.84 | E8: 0.25118359 | F8: 0.98455556 | G8: 0.72310859
A9: Acy_Cer | B9: 0.66679803 | C9: 0.62036833 | D9: 0.21666667 | E9: 0.062761905 | F9: 0.97181011 | G9: 0.67497415
A10: Sph_Cer | B10: 0.66551724 | C10: 0.62104951 | D10: 0.25333333 | E10: 0.054984127 | F10: 0.9742815 | G10: 0.67343129
A11: Sph_Acy | B11: 0.67098522 | C11: 0.5973247 | D11: 0.12 | E11: 0.012222222 | F11: 1 | G11: 0.66965517
A12: gene_Acy_Cer | B12: 0.70162562 | C12: 0.67063574 | D12: 0.61285714 | E12: 0.2156488 | F12: 0.94616659 | G12: 0.70691155
A13: gene_Sph_Cer | B13: 0.70300493 | C13: 0.67971671 | D13: 0.59619048 | E13: 0.22878677 | F13: 0.94196925 | G13: 0.70931375
... A16: gene_Cer_Acy_Sph | B16: 0.70852217 | C16: 0.68264979 | D16: 0.62819048 | E16: 0.23507737 | F16: 0.94816659 | G16: 0.71247052

Sheet std
B1: accuracy | C1: auc | D1: precision | E1: recall | F1: specificity | G1: NPV
A2: gene | B2: 0.010428642 | C2: 0.062916354 | D2: 0.14220486 | E2: 0.025258593 | F2: 0.021319444 | G2: 0.001745864
A3: Cer | B3: 0.0074675644 | C3: 0.032446462 | D3: 0.083666003 | E3: 0.022629488 | F3: 0.0057679351 | G3: 0.0044109997
A4: Acy | B4: 0.00037354066 | C4: 0.019637842 | D4: 0 | E4: 0.0022771002 | F4: 0 | G4: 0.00053962814
A5: Sph | B5: 0.00037354066 | C5: 0.012585222 | D5: 0 | E5: 0 | F5: 0 | G5: 0.00037354066
A6: gene_Cer | B6: 0.0090364218 | C6: 0.038467788 | D6: 0.11430407 | E6: 0.02088143 | F6: 0.010061644 | G6: 0.0036043426
A7: gene_Acy | B7: 0.0036921174 | C7: 0.070179124 | D7: 0.063526023 | E7: 0.0059574654 | F7: 0.0066784009 | G7: 0.0029900103
A8: gene_Sph | B8: 0.0026147846 | C8: 0.047867776 | D8: 0.098319208 | E8: 0.023070606 | F8: 0.006456765 | G8: 0.004287512
A9: Acy_Cer | B9: 0.0049702456 | C9: 0.035347253 | D9: 0.094280904 | E9: 0.017487569 | F9: 0.0051268053 | G9: 0.003172973
A10: Sph_Cer | B10: 0.0076493597 | C10: 0.028450438 | D10: 0.13864423 | E10: 0.021335365 | F10: 0.0093323323 | G10: 0.0043477762
A11: Sph_Acy | B11: 0.0038842919 | C11: 0.024189221 | D11: 0.10954451 | E11: 0.011385501 | F11: 0 | G11: 0.0027059988
A12: gene_Acy_Cer | B12: 0.016284682 | C12: 0.045388139 | D12: 0.16724051 | E12: 0.024428286 | F12: 0.01093124 | G12: 0.0069915931
A13: gene_Sph_Cer | B13: 0.003033659 | C13: 0.030336553 | D13: 0.087525183 | E13: 0.024207516 | F13: 0.0070423167 | G13: 0.0034844724
... A16: gene_Cer_Acy_Sph | B16: 0.0098930803 | C16: 0.031816474 | D16: 0.15404501 | E16: 0.022478213 | F16: 0.010153989 | G16: 0.0033856829

Sheet Sheet1
A1: 列1 | B1: accuracy | C1: auc | D1: precision | E1: recall | F1: specificity
A2: gene | B2: =[1]mean!$B$4 -> 0.63068966 | C2: =ROUND(mean!C2,3)&"±"&ROUND(std!C2*0.5,3) -> 0.574±0.031 | D2: =ROUND(mean!D2,3)&"±"&ROUND(std!D2*0.5,3) -> 0.773±0.071 | E2: =ROUND(mean!E2,3)&"±"&ROUND(std!E2*0.5,3) -> 0.247±0.013 | F2: =ROUND(mean!F2,3)&"±"&ROUND(std!F2*0.5,3) -> 0.968±0.011
A3: Cer | B3: =[1]mean!$B$4 -> 0.63068966 | C3: =ROUND(mean!C3,3)&"±"&ROUND(std!C3*0.5,3) -> 0.618±0.016 | D3: =ROUND(mean!D3,3)&"±"&ROUND(std!D3*0.5,3) -> 0.23±0.042 | E3: =ROUND(mean!E3,3)&"±"&ROUND(std!E3*0.5,3) -> 0.055±0.011 | F3: =ROUND(mean!F3,3)&"±"&ROUND(std!F3*0.5,3) -> 0.974±0.003
A4: Acy | B4: =[1]mean!$B$4 -> 0.63068966 | C4: =ROUND(mean!C4,3)&"±"&ROUND(std!C4*0.5,3) -> 0.576±0.01 | D4: =ROUND(mean!D4,3)&"±"&ROUND(std!D4*0.5,3) -> 0.2±0 | E4: =ROUND(mean!E4,3)&"±"&ROUND(std!E4*0.5,3) -> 0.02±0.001 | F4: =ROUND(mean!F4,3)&"±"&ROUND(std!F4*0.5,3) -> 1±0
A5: Sph | B5: =[1]mean!$B$4 -> 0.63068966 | C5: =ROUND(mean!C5,3)&"±"&ROUND(std!C5*0.5,3) -> 0.574±0.006 | D5: =ROUND(mean!D5,3)&"±"&ROUND(std!D5*0.5,3) -> 0±0 | E5: =ROUND(mean!E5,3)&"±"&ROUND(std!E5*0.5,3) -> 0±0 | F5: =ROUND(mean!F5,3)&"±"&ROUND(std!F5*0.5,3) -> 1±0
A6: gene_Cer | B6: =[1]mean!$B$4 -> 0.63068966 | C6: =ROUND(mean!C6,3)&"±"&ROUND(std!C6*0.5,3) -> 0.668±0.019 | D6: =ROUND(mean!D6,3)&"±"&ROUND(std!D6*0.5,3) -> 0.563±0.057 | E6: =ROUND(mean!E6,3)&"±"&ROUND(std!E6*0.5,3) -> 0.223±0.01 | F6: =ROUND(mean!F6,3)&"±"&ROUND(std!F6*0.5,3) -> 0.935±0.005
A7: gene_Acy | B7: =[1]mean!$B$4 -> 0.63068966 | C7: =ROUND(mean!C7,3)&"±"&ROUND(std!C7*0.5,3) -> 0.615±0.035 | D7: =ROUND(mean!D7,3)&"±"&ROUND(std!D7*0.5,3) -> 0.817±0.032 | E7: =ROUND(mean!E7,3)&"±"&ROUND(std!E7*0.5,3) -> 0.253±0.003 | F7: =ROUND(mean!F7,3)&"±"&ROUND(std!F7*0.5,3) -> 0.977±0.003
A8: gene_Sph | B8: =[1]mean!$B$4 -> 0.63068966 | C8: =ROUND(mean!C8,3)&"±"&ROUND(std!C8*0.5,3) -> 0.619±0.024 | D8: =ROUND(mean!D8,3)&"±"&ROUND(std!D8*0.5,3) -> 0.84±0.049 | E8: =ROUND(mean!E8,3)&"±"&ROUND(std!E8*0.5,3) -> 0.251±0.012 | F8: =ROUND(mean!F8,3)&"±"&ROUND(std!F8*0.5,3) -> 0.985±0.003
A9: Acy_Cer | B9: =[1]mean!$B$4 -> 0.63068966 | C9: =ROUND(mean!C9,3)&"±"&ROUND(std!C9*0.5,3) -> 0.62±0.018 | D9: =ROUND(mean!D9,3)&"±"&ROUND(std!D9*0.5,3) -> 0.217±0.047 | E9: =ROUND(mean!E9,3)&"±"&ROUND(std!E9*0.5,3) -> 0.063±0.009 | F9: =ROUND(mean!F9,3)&"±"&ROUND(std!F9*0.5,3) -> 0.972±0.003
A10: Sph_Cer | B10: =[1]mean!$B$4 -> 0.63068966 | C10: =ROUND(mean!C10,3)&"±"&ROUND(std!C10*0.5,3) -> 0.621±0.014 | D10: =ROUND(mean!D10,3)&"±"&ROUND(std!D10*0.5,3) -> 0.253±0.069 | E10: =ROUND(mean!E10,3)&"±"&ROUND(std!E10*0.5,3) -> 0.055±0.011 | F10: =ROUND(mean!F10,3)&"±"&ROUND(std!F10*0.5,3) -> 0.974±0.005
A11: Sph_Acy | B11: =[1]mean!$B$4 -> 0.63068966 | C11: =ROUND(mean!C11,3)&"±"&ROUND(std!C11*0.5,3) -> 0.597±0.012 | D11: =ROUND(mean!D11,3)&"±"&ROUND(std!D11*0.5,3) -> 0.12±0.055 | E11: =ROUND(mean!E11,3)&"±"&ROUND(std!E11*0.5,3) -> 0.012±0.006 | F11: =ROUND(mean!F11,3)&"±"&ROUND(std!F11*0.5,3) -> 1±0
A12: gene_Acy_Cer | B12: =[1]mean!$B$4 -> 0.63068966 | C12: =ROUND(mean!C12,3)&"±"&ROUND(std!C12*0.5,3) -> 0.671±0.023 | D12: =ROUND(mean!D12,3)&"±"&ROUND(std!D12*0.5,3) -> 0.613±0.084 | E12: =ROUND(mean!E12,3)&"±"&ROUND(std!E12*0.5,3) -> 0.216±0.012 | F12: =ROUND(mean!F12,3)&"±"&ROUND(std!F12*0.5,3) -> 0.946±0.005
A13: gene_Sph_Cer | B13: =[1]mean!$B$4 -> 0.63068966 | C13: =ROUND(mean!C13,3)&"±"&ROUND(std!C13*0.5,3) -> 0.68±0.015 | D13: =ROUND(mean!D13,3)&"±"&ROUND(std!D13*0.5,3) -> 0.596±0.044 | E13: =ROUND(mean!E13,3)&"±"&ROUND(std!E13*0.5,3) -> 0.229±0.012 | F13: =ROUND(mean!F13,3)&"±"&ROUND(std!F13*0.5,3) -> 0.942±0.004
... A16: gene_Cer_Acy_Sph | B16: =[1]mean!$B$4 -> 0.63068966 | C16: =ROUND(mean!C16,3)&"±"&ROUND(std!C16*0.5,3) -> 0.683±0.016 | D16: =ROUND(mean!D16,3)&"±"&ROUND(std!D16*0.5,3) -> 0.628±0.077 | E16: =ROUND(mean!E16,3)&"±"&ROUND(std!E16*0.5,3) -> 0.235±0.011 | F16: =ROUND(mean!F16,3)&"±"&ROUND(std!F16*0.5,3) -> 0.948±0.005
